<?xml version="1.0" encoding="UTF-16"?> 
<Task version="1.4" xmlns="http://schemas.microsoft.com/windows/2004/02/mit/task"> 
  <RegistrationInfo> 
    <Description>Genera ordenes de trabajo automaticamente todos los dias a las 11:00 AM</Description> 
    <Author>GMAO System</Author> 
  </RegistrationInfo> 
  <Triggers> 
    <CalendarTrigger> 
      <StartBoundary>2025-09-29T11:00:00</StartBoundary> 
      <Enabled>true</Enabled> 
      <ScheduleByDay> 
        <DaysInterval>1</DaysInterval> 
      </ScheduleByDay> 
      <Repetition> 
        <Interval>PT24H</Interval> 
      </Repetition> 
    </CalendarTrigger> 
  </Triggers> 
  <Settings> 
    <MultipleInstancesPolicy>IgnoreNew</MultipleInstancesPolicy> 
    <DisallowStartIfOnBatteries>false</DisallowStartIfOnBatteries> 
    <StopIfGoingOnBatteries>false</StopIfGoingOnBatteries> 
    <AllowHardTerminate>false</AllowHardTerminate> 
    <StartWhenAvailable>true</StartWhenAvailable> 
    <RunOnlyIfNetworkAvailable>false</RunOnlyIfNetworkAvailable> 
    <AllowStartOnDemand>true</AllowStartOnDemand> 
    <Enabled>true</Enabled> 
    <Hidden>false</Hidden> 
    <RunOnlyIfIdle>false</RunOnlyIfIdle> 
    <DisallowStartOnRemoteAppSession>false</DisallowStartOnRemoteAppSession> 
    <UseUnifiedSchedulingEngine>true</UseUnifiedSchedulingEngine> 
    <WakeToRun>false</WakeToRun> 
    <ExecutionTimeLimit>PT1H</ExecutionTimeLimit> 
    <Priority>7</Priority> 
  </Settings> 
  <Actions> 
    <Exec> 
      <Command>python</Command> 
      <Arguments>scheduler_simple.py --test</Arguments> 
      <WorkingDirectory>C:\gmao - copia</WorkingDirectory> 
    </Exec> 
  </Actions> 
</Task> 
